{
    "schemes": [
        "http",
        "https"
    ],
    "swagger": "2.0",
    "info": {
        "description": "这个API接口文档",
        "title": "LeeGo",
        "termsOfService": "http://swagger.io/terms/",
        "contact": {
            "name": "寒云",
            "url": "http://www.swagger.io/support",
            "email": "1355081829@qq.com"
        },
        "license": {
            "name": "Apache 2.0",
            "url": "http://www.apache.org/licenses/LICENSE-2.0.html"
        },
        "version": "1.0"
    },
    "paths": {
        "/api/v1/": {
            "get": {
                "description": "# aaaaa",
                "produces": [
                    "application/json"
                ],
                "tags": [
                    "首页"
                ],
                "summary": "首页",
                "parameters": [
                    {
                        "type": "integer",
                        "description": "ID",
                        "name": "id",
                        "in": "path",
                        "required": true
                    },
                    {
                        "type": "string",
                        "description": "ID",
                        "name": "name",
                        "in": "query"
                    },
                    {
                        "type": "file",
                        "description": "ID",
                        "name": "img",
                        "in": "formData"
                    }
                ],
                "responses": {
                    "200": {
                        "description": "{\"code\":200,\"data\":{},\"msg\":\"ok\"}",
                        "schema": {
                            "type": "string"
                        }
                    }
                }
            }
        },
        "/api/v1/index/detail": {
            "get": {
                "description": "id 文章id|name文章名称",
                "produces": [
                    "application/json"
                ],
                "tags": [
                    "首页"
                ],
                "summary": "详情",
                "parameters": [
                    {
                        "type": "integer",
                        "description": "ID",
                        "name": "id",
                        "in": "path",
                        "required": true
                    },
                    {
                        "type": "string",
                        "description": "ID",
                        "name": "name",
                        "in": "query"
                    }
                ],
                "responses": {
                    "200": {
                        "description": "{\"code\":200,\"data\":{},\"msg\":\"ok\"}",
                        "schema": {
                            "type": "string"
                        }
                    }
                }
            }
        },
        "/api/v1/index/post": {
            "post": {
                "description": "id 文章id|name文章名称",
                "produces": [
                    "application/json"
                ],
                "tags": [
                    "首页"
                ],
                "summary": "详情",
                "deprecated": true,
                "parameters": [
                    {
                        "type": "integer",
                        "description": "ID",
                        "name": "id",
                        "in": "path",
                        "required": true
                    },
                    {
                        "type": "file",
                        "description": "img",
                        "name": "img",
                        "in": "formData"
                    }
                ],
                "responses": {
                    "200": {
                        "description": "{\"code\":200,\"data\":{},\"msg\":\"ok\"}",
                        "schema": {
                            "type": "string"
                        }
                    }
                }
            }
        },
        "/api/v1/register/post": {
            "post": {
                "description": "```javascript $(document).ready(function () { alert('RUNOOB'); }); ```",
                "produces": [
                    "application/json"
                ],
                "tags": [
                    "v1"
                ],
                "summary": "注册",
                "parameters": [
                    {
                        "type": "integer",
                        "description": "ID",
                        "name": "id",
                        "in": "path",
                        "required": true
                    },
                    {
                        "type": "string",
                        "description": "token",
                        "name": "Auth",
                        "in": "header",
                        "required": true
                    },
                    {
                        "type": "string",
                        "description": "ID",
                        "name": "name",
                        "in": "query"
                    }
                ],
                "responses": {
                    "200": {
                        "description": "成功",
                        "schema": {
                            "$ref": "#/definitions/doc.Msg"
                        }
                    },
                    "404": {
                        "description": "失败",
                        "schema": {
                            "$ref": "#/definitions/doc.Msg"
                        }
                    }
                }
            }
        }
    },
    "definitions": {
        "doc.Msg": {
            "type": "object",
            "properties": {
                "code": {
                    "type": "integer"
                },
                "msg": {
                    "type": "string"
                }
            }
        }
    }
}